<?xml version="1.0" encoding="UTF-8"?>
<!DOCTYPE configuration
  PUBLIC "-//mybatis.org//DTD Config 3.0//EN"
  "http://mybatis.org/dtd/mybatis-3-config.dtd">
  
 <configuration>
 	<!-- mybatis 작동 규칙 정의 -->
 	<settings>
 		<setting name ="cacheEnabled" value="false"/>
 		<setting name ="useGeneratedKeys" value="true"/> 
 		<setting name ="mapUnderscoreToCamelCase" value="true"/> 	
 	</settings>
	<typeAliases>
		<typeAlias alias="lectureDto" type="com.jaego.web.dto.LectureDto"/> 	
		<typeAlias alias="lectureImgDto" type="com.jaego.web.dto.LectureImgFileDto"/> 	
 		<typeAlias alias="memberDto" type="com.jaego.web.dto.MemberDto"/>
 		<typeAlias alias="findDto" type="com.jaego.web.dto.FindDto" />
 		<typeAlias alias="mentorDto" type="com.jaego.web.dto.MentorDto"/> 	
 		<typeAlias alias="loginDto" type="com.jaego.web.dto.LoginDto"/> 	
 		<typeAlias alias="orderDto" type="com.jaego.web.dto.OrderDto"/> 	
 		<typeAlias alias="lectureroomDto" type="com.jaego.web.dto.LectureroomDto"/>
 		<typeAlias alias="ReplyDto" type ="com.jaego.web.dto.ReplyDto"/>
 		<typeAlias alias="LectureReviewDto" type="com.jaego.web.dto.LectureReviewDto"/>
	</typeAliases> 

 </configuration>